MAC;ETIQUETE;MARQUE

8c:c1:21:50:2a:35;TSOA-22;PANASONIC
00:9d:31:08:2a:fc;MICHEL-2;PANASONIC
84:3a:4b:01:e8:a4;EDEN-7;PANASONIC
a4:4e:3d:23:21:6c;DIARY-11;PANASONIC
00:9d:31:08:7b:b4;TSANTA-18;PANASONIC
20:9d:31:08:8d:24;SAFIDISON-19;PANASONIC
28:2a:2a:18:04:87;HERILALA-20;LENOVO
e0:9d:31:08:8c:10;MANDRINDRA-24;PANASONIC
04:4e:31:2c:b3:34;CYRIAQUE-25;PANASONIC
e4:70:b7:b7:b7:13;ADRIEN-27;LENOVO
20:9d:31:08:7e:cc;TSIORY-28;PANASONIC
84:3a:4b:02:02d:08;RAPHAEL-31;PANASONIC
80:8d:21:28:91:9c;NATOLOTRA-33;PANASONIC
20:91:31:08:85:5c;ANDRY-34;PANASONIC
00:9d:31:08:7d:60;NJIVA-36;PANASONIC
00:9d:31:08:7d:08;FANDRESENA-37;PANASONIC
e0:91:31:08:90:20;SANDA-39;PANASONIC
e0:9d:31:08:88:20;EDMONICO-40;PANASONIC
e0:9d:31:08:82:88;IANTSO-42;PANASONIC
9d:31:08:81:64;DAVID-46;PANASONIC
